entry_type,obd_code,title_en,description_en,likely_causes_en,severity_en,recommended_action_en,estimated_cost_usd_min,estimated_cost_usd_max,title_ja,description_ja,likely_causes_ja,severity_ja,recommended_action_ja,estimated_cost_jpy_min,estimated_cost_jpy_max,embed_text
symptom,,Steering wheel vibrates at highway speed,Steering shakes above ~90–100 km/h; may worsen over bumps.,Unbalanced tires; Bent wheel; Worn suspension bushings; Warped brake rotor,Caution - inspect soon,Balance tires and check wheels/suspension before long highway trips,80,600,高速でステアリングが震える,約90〜100km/h以上でハンドルが震える。段差で悪化することも。,タイヤバランス不良; ホイール歪み; サスペンションブッシュ摩耗; ブレーキローター歪み,注意 - 早めに点検,タイヤバランスとホイール・足回りを確認してから長距離走行,10000,80000,steering wheel vibrates highway speed unbalanced tire bent wheel suspension 高速 ステアリング 振動 バランス
symptom,,Engine shakes at idle,Vehicle vibrates roughly when stopped in Drive or Park with engine running.,Fouled spark plugs; Vacuum leak; Dirty idle air control / throttle body; Worn engine mounts,Caution - inspect soon,Scan for misfires; clean throttle body and inspect plugs/mounts,80,450,アイドリング時にエンジンがガタつく,停車中やDレンジでエンジンが粗く振動する。,スパークプラグ汚れ; バキューム漏れ; スロットルボディ汚れ; エンジンマウント劣化,注意 - 早めに点検,失火診断とスロットル清掃、プラグ・マウント点検,10000,60000,engine shakes idle rough vibration misfire spark plug vacuum mount アイドリング 振動 ガタガタ 失火
symptom,,Whining noise when accelerating,High-pitched whine rises with engine or vehicle speed under load.,Low transmission fluid; Worn alternator bearing; Power steering pump; Differential wear,Caution - inspect soon,Check fluid levels and isolate noise source under load vs idle,100,1200,加速時にヒューという音,加速や負荷時に高音のうなりが回転に合わせて大きくなる。,ATF不足; オルタネーターベアリング摩耗; パワステポンプ; デフ摩耗,注意 - 早めに点検,フルード量確認と加速時・アイドル時の音源切り分け,15000,160000,whining noise accelerating transmission fluid alternator power steering 加速 ヒュー うなり ATF
symptom,,Car hard to start when cold,Cranks longer than normal on cold mornings; may start fine when warm.,Weak battery; Failing starter; Bad coolant temp sensor; Dirty fuel injectors,Caution - inspect soon,Load-test battery and starter; check cold-start fuel/sensor data,80,700,寒い朝にエンジンがかかりにくい,冷間時にクランキングが長く、暖機後は普通に始動する。,バッテリー劣化; セルモーター不良; 水温センサー不良; インジェクター汚れ,注意 - 早めに点検,バッテリーとセルの負荷試験、冷間始動データの確認,10000,90000,hard start cold morning battery starter coolant sensor injectors 冷間 かかりにくい バッテリー
symptom,,Burning rubber smell while driving,Hot rubber or friction smell appears after driving or hard stops.,Dragging brake caliper; Slipping accessory belt; Overheated clutch (manual); Tire rubbing fender liner,Stop if smell intensifies - inspect immediately,Check wheels for heat after short drive; inspect belts and tire clearance,50,800,走行中にゴムが焼ける臭い,走行後や急ブレーキ後にゴムや摩擦の焦げ臭いがする。,ブレーキ引きずり; ベルト滑り; クラッチ過熱; タイヤ干渉,臭いが強い場合は停止して点検,短距離走行後にホイール熱さを確認しベルトとタイヤ隙間を点検,8000,100000,burning rubber smell brake drag belt clutch tire rub ゴム 焦げ 臭い ブレーキ引きずり
symptom,,Headlights dim at idle then brighten,Lights are weak at idle and get brighter when revving the engine.,Failing alternator; Loose battery ground; Corroded terminals; Weak battery,Caution - charging system risk,Test charging voltage at idle and 2000 rpm; clean grounds,50,600,アイドリングでヘッドライトが暗い,アイドリングでは暗く、回転を上げると明るくなる。,オルタネーター不良; アース緩み; 端子腐食; バッテリー劣化,注意 - 充電系統リスク,アイドルと2000rpmで充電電圧を測定しアース清掃,8000,80000,headlights dim idle brighten alternator battery ground charging ヘッドライト 暗い オルタネーター 充電
symptom,,Power steering feels heavy,Steering is stiff especially at low speed or parking maneuvers.,Low power steering fluid; Failed pump; Electric assist motor fault; Low tire pressure,Caution - inspect soon,Check fluid/tire pressure; scan for EPS codes on electric systems,40,900,パワステが重い,低速や車庫入れでハンドルが極端に重い。,パワステフルード不足; ポンプ故障; 電動アシスト不良; タイヤ空気圧不足,注意 - 早めに点検,フルードと空気圧確認。電動式はEPSコード診断,5000,120000,power steering heavy stiff EPS pump fluid tire pressure パワステ 重い ハンドル
symptom,,Clicking noise when turning,Rhythmic click from a front corner when turning under power.,Worn CV joint (outer); Low CV boot grease; Damaged axle; Loose wheel bearing,Caution - inspect soon,Inspect CV boots for tears and play; avoid hard acceleration until fixed,150,700,曲がるときカチカチ音,駆動しながら曲がると前輪付近で周期的なカチカチ音。,CVジョイント摩耗; ブーツグリス不足; ドライブシャフト損傷; ハブベアリング緩み,注意 - 早めに点検,CVブーツ破れとガタを点検。修理まで急加速を避ける,20000,90000,clicking noise turning CV joint axle boot wheel bearing 曲がる カチカチ CVジョイント
symptom,,Musty smell from AC vents,Cabin smells moldy when AC or fan first turns on.,Dirty cabin filter; Mold in evaporator; Clogged drain tube; Stale condensate,Safe to drive - service recommended,Replace cabin filter and run AC dry-out / evaporator clean,30,250,エアコンからカビ臭い,ACやファン始動時にカビや湿った臭いがする。,エアコンフィルター汚れ; エバポレーターカビ; ドレン詰まり; 結露残り,走行可 - 整備推奨,フィルター交換とAC乾燥・エバポ洗浄,4000,35000,musty smell AC vents cabin filter mold evaporator エアコン カビ臭い フィルター
symptom,,Excessive oil consumption,Needs oil top-ups between changes; possible blue smoke on acceleration.,Worn piston rings; Valve stem seals; PCV valve stuck; Turbo oil seal (if equipped),Caution - monitor level weekly,Check for leaks/smoke; compression or leak-down test if consumption high,100,2500,オイル異常消費,交換と交換の間にオイル補充が必要。加速時に青白い煙も。,ピストンリング摩耗; バルブステムシール; PCV固着; ターボオイルシール,注意 - 週1で残量確認,漏れと煙を確認。消費が多い場合は圧縮/リークダウン試験,15000,350000,excessive oil consumption blue smoke rings valve seals PCV turbo オイル 消費 白煙 青煙
symptom,,Rattling heat shields under car,Metallic rattle over bumps or on cold start from underbody exhaust area.,Loose exhaust heat shield; Broken exhaust hanger; Loose catalytic shield; Debris on shield,Safe to drive - fix soon to avoid worse noise,Secure or replace loose heat shields and hangers,40,300,車体下のヒートシールドがカタカタ,段差や冷間始動時に床下から金属のカタカタ音。,排気ヒートシールド緩み; マフラーハンガー切れ; 触媒カバー緩み; 異物,走行可 - 早めに修理,シールドとハンガーの固定・交換,5000,40000,rattling heat shield exhaust hanger catalytic underbody ヒートシールド カタカタ 排気
symptom,,Wiper blades streak and chatter,Wipers leave streaks and skip/chatter across the windshield.,Worn blade rubber; Dirty glass wax residue; Bent wiper arm; Wrong blade type,Safe to drive - replace blades,Clean glass thoroughly and replace blades as a pair,15,80,ワイパーがビビって拭き残し,ガラスにスジが残り、ワイパーが跳ねる・ビビる。,ゴム劣化; ガラスのワックス残り; アーム曲がり; ブレード不適合,走行可 - ブレード交換,ガラス洗浄と左右セット交換,2000,10000,wiper blades streak chatter rubber glass wax ワイパー ビビり 拭き残し
symptom,,Door locks act intermittently,Key fob or interior switch locks only some doors or needs multiple presses.,Weak key fob battery; Faulty door lock actuator; Wiring in door boot; Body control module glitch,Safe to drive - security inconvenience,Replace fob battery first; then test each actuator,10,400,ドアロックがたまに効かない,リモコンやスイッチで一部ドアだけ動く、何度も押す必要がある。,リモコン電池切れ; アクチュエーター不良; ドアハーネス断線; BCM不具合,走行可 - 防犯上不便,まず電池交換、各ドアのアクチュエーター点検,1000,50000,door locks intermittent key fob actuator wiring BCM ドアロック たまに リモコン
symptom,,Fuel smell after refueling,Strong gasoline odor near rear or cabin after filling the tank.,Loose or damaged gas cap; EVAP purge valve stuck; Cracked EVAP hose; Filler neck seal,Caution - EVAP leak / fire risk if strong,Tighten/replace cap; smoke-test EVAP if code or smell persists,15,500,給油後にガソリン臭,給油後にリア付近や車内で強いガソリン臭。,フューエルキャップ緩み; パージバルブ固着; EVAPホース割れ; フィラーシール,注意 - EVAP漏れ・強い臭いは危険,キャップ締め直し/交換。改善しなければEVAPスモークテスト,2000,70000,fuel smell after refueling gas cap EVAP purge hose 給油 ガソリン臭 キャップ
obd_code,P0171,System Too Lean (Bank 1) - deep dive,ECM detects long-term fuel trim too lean on bank 1 (oxygen sensor lean bias).,Vacuum leak; MAF contamination; Weak fuel pump; Exhaust leak before O2,Caution - drivability and catalyst risk,Smoke-test intake; clean MAF; check fuel pressure and pre-cat O2 wiring,100,900,システムがリーンすぎる（バンク1）詳細,長期燃料補正がリーン側に寄りすぎているとECMが判定。,バキューム漏れ; MAF汚れ; 燃料ポンプ弱り; O2前の排気漏れ,注意 - 走行性と触媒リスク,インテークスモークテスト、MAF清掃、燃圧とO2配線確認,15000,120000,P0171 system too lean bank 1 vacuum MAF fuel pump exhaust O2 リーン 空燃比
obd_code,P0455,EVAP System Large Leak Detected,Large evaporative emissions leak detected during system monitor.,Loose gas cap; Disconnected EVAP hose; Purge valve open; Damaged charcoal canister,Safe to drive - emissions fail risk,Ensure cap clicks; inspect hoses; smoke-test EVAP system,20,600,EVAPシステム大きな漏れ検出,エバポ（燃料蒸発ガス）系の大きな漏れを検出。,フューエルキャップ緩み; EVAPホース外れ; パージバルブ開き固着; キャニスター損傷,走行可 - 車検/排ガス不合格リスク,キャップ確認、ホース点検、EVAPスモークテスト,3000,80000,P0455 EVAP large leak gas cap purge canister smoke test エバポ 漏れ
obd_code,P0128,Coolant Thermostat Below Regulating Temperature,Engine not reaching normal operating temperature quickly enough.,Stuck-open thermostat; Low coolant; Faulty ECT sensor; Extended idle in cold,Caution - efficiency and heater performance,Replace thermostat and coolant if overdue; verify ECT readings,80,350,クーラントサーモスタット温度不足,エンジンが規定温度までなかなか上がらない。,サーモスタット開き固着; クーラント不足; 水温センサー不良; 寒冷地長時間アイドル,注意 - 燃費とヒーター性能,サーモとクーラント交換、ECT値の妥当性確認,10000,45000,P0128 thermostat coolant temperature ECT heater サーモスタット 水温
obd_code,P0500,Vehicle Speed Sensor Malfunction,ECM/ABS not receiving plausible vehicle speed signal.,Failed VSS; Damaged tone ring; Wiring open/short; Cluster/ABS module issue,Caution - speedo and transmission shift risk,Scan live speed data; inspect sensor and harness at transmission/hub,80,500,車速センサー異常,車速信号が異常または欠落している。,VSS故障; トーンリング損傷; 配線断線/ショート; メーター/ABS異常,注意 - スピードメーターと変速に影響,ライブデータで車速確認、センサーとハーネス点検,10000,70000,P0500 vehicle speed sensor VSS tone ring ABS 車速センサー
obd_code,C0035,Left Front Wheel Speed Sensor Circuit,ABS reports fault on left front wheel speed sensor circuit.,Damaged wheel speed sensor; Debris on tone ring; Broken harness at strut; Corroded connector,Caution - ABS/traction may disable,Inspect sensor air gap and wiring; clear codes after repair,80,400,左前ホイールスピードセンサー回路,ABSが左前輪速センサー回路の異常を検出。,センサー損傷; トーンリング異物; ストラット部ハーネス切れ; コネクタ腐食,注意 - ABS/トラクション解除の可能性,エアギャップと配線点検、修理後にコード消去,10000,55000,C0035 left front wheel speed sensor ABS tone ring 左前 車輪速 センサー
symptom,,Battery warning light on while driving,Red battery/charging lamp stays on after start or while driving.,Alternator failure; Broken serpentine belt; Bad voltage regulator; Battery cable issue,Stop when safe - risk of stall,Check belt; measure charging voltage; limit electrical loads and seek service,100,800,走行中にバッテリー警告灯,始動後や走行中にバッテリー/充電警告灯が点灯したまま。,オルタネーター故障; ベルト切れ; レギュレーター不良; ケーブル不良,安全な場所で停止 - エンストリスク,ベルト確認と充電電圧測定。電装負荷を減らして整備へ,15000,100000,battery warning light charging alternator serpentine belt regulator バッテリー 警告灯 充電
symptom,,Squealing on cold start that goes away,Brief high-pitched squeal for a few seconds after cold start then quiet.,Glazed accessory belt; Weak belt tensioner; Alternator clutch pulley; Moisture on belt,Safe to drive - replace belt/tensioner soon,Inspect belt glaze and tensioner play; replace belt set if cracked,40,350,冷間始動時だけキーキー音,始動直後数秒キーキー言い、暖まると消える。,ベルト劣化/艶; テンショナー弱り; オルタプーリー; ベルトの湿気,走行可 - 早めにベルト交換,ベルト艶とテンショナーガタ確認、ひびあればセット交換,5000,45000,squealing cold start belt tensioner alternator pulley 冷間 キーキー ベルト
symptom,,Clunk when shifting from Park to Drive,Single clunk/jolt when selecting Drive or Reverse from Park.,Worn engine/transmission mounts; Excessive driveline play; Low ATF; Shift cable adjustment,Caution - inspect mounts,Inspect mounts under load; check ATF level and condition,80,900,PからDに入れた時ガクッ,PからD/Rに入れた瞬間に一発の衝撃音やガクつき。,エンジン/ミッションマウント劣化; 駆動系ガタ; ATF不足; シフトケーブル,注意 - マウント点検,負荷をかけてマウント点検、ATF量と状態確認,10000,120000,clunk park to drive mounts ATF driveline パーク ドライブ ガクッ マウント
symptom,,Windows fog inside and AC cannot clear,Interior glass stays fogged; AC/defrost struggles to dry cabin air.,Cabin filter clogged; Low refrigerant; Blend door fault; Heater core seep (sweet smell),Caution - visibility safety,Replace cabin filter; verify AC pressures; check for coolant smell in cabin,40,700,窓が内側で曇りACでも晴れない,車内ガラスが曇り、デフロスタでも乾きにくい。,フィルター詰まり; 冷媒不足; ブレンドドア不良; ヒーターコア滲み,注意 - 視界の安全,フィルター交換、AC圧力確認、甘い匂い（クーラント）も確認,5000,90000,windows fog interior AC defrost cabin filter refrigerant heater core 窓 曇り デフロスタ
symptom,,Rough downshifts when slowing,Automatic transmission bangs or flares when downshifting to a stop.,Low/dirty ATF; Failing solenoids; Worn clutch packs; Software shift adapt needed,Caution - transmission wear,Check ATF condition; scan TCM codes; avoid hard throttle until serviced,150,2500,減速時のシフトダウンが粗い,停車前のシフトダウンでドンという衝撃や吹き上がり。,ATF不足/汚れ; ソレノイド不良; クラッチパック摩耗; 学習値,注意 - 変速機摩耗,ATF状態確認、TCM診断。整備まで急加速を避ける,20000,350000,rough downshifts automatic transmission ATF solenoids シフトダウン 衝撃 AT
symptom,,Smoke from engine bay on highway,Visible smoke from under hood after sustained high speed or climb.,Oil leak onto exhaust; Coolant leak on manifold; Overheating; Turbo oil line (if equipped),Stop safely - fire risk,Do not continue; check fluids when cool; tow if leak or overheating continues,100,2000,高速走行後にエンジンルームから煙,高速や登坂の後、ボンネットから煙が見える。,排気へのオイル漏れ; マニホールドへのクーラント; オーバーヒート; ターボオイルライン,安全に停止 - 火災リスク,冷却後にフルード確認。漏れやオーバーヒートが続くならレッカー,15000,280000,smoke engine bay highway oil coolant leak overheating turbo 煙 エンジンルーム 高速
symptom,,Parking brake will not hold on incline,Vehicle rolls on a moderate slope with parking brake fully applied.,Stretched cable; Worn rear shoes/pads; Seized mechanism; Maladjusted switch,Caution - rollaway risk,Test on mild incline only in safe area; service rear brakes and cables,80,500,サイドブレーキが効かない,しっかり引いても緩い坂で車両が動く。,ケーブル伸び; リアパッド/シュー摩耗; 機構固着; スイッチ調整不良,注意 - 車両移動リスク,安全な場所で坂道テスト。リアブレーキとケーブル整備,10000,70000,parking brake not hold incline cable rear shoes rollaway サイドブレーキ 効かない 坂
symptom,,Intermittent no-crank after rain,After heavy rain or car wash starter sometimes clicks or does nothing.,Water in ignition switch area; Corroded ground; Wet starter solenoid connector; Faulty neutral safety switch,Caution - may strand you,Dry connectors; clean grounds; reproduce after water exposure for diagnosis,50,600,雨の後たまにエンジンが回らない,大雨や洗車後にセルが回らない/クリックのみになることがある。,イグニッション周り浸水; アース腐食; セルコネクタ濡れ; ニュートラルスイッチ,注意 - 立ち往生の可能性,コネクタ乾燥とアース清掃。再現条件を記録して診断,8000,80000,intermittent no crank after rain starter ground neutral switch 雨 セル 回らない
general_repair,,Scheduled brake fluid flush,Brake fluid absorbs moisture over time reducing boiling point and causing corrosion.,Hygroscopic fluid aging; Moisture contamination; Neglected interval service,Safe to drive - maintenance,Replace fluid per manufacturer interval (often 2–3 years),80,200,ブレーキフルード交換整備,フルードは吸湿し沸点が下がり内部腐食の原因になる。,吸湿による劣化; 水分混入; 交換周期超過,走行可 - 定期整備,メーカー推奨周期（多くの車で2〜3年）で交換,10000,30000,brake fluid flush moisture boiling point maintenance ブレーキフルード 交換 吸湿
general_repair,,Serpentine belt and tensioner replacement,Preventive replacement of drive belt and tensioner to avoid roadside failure.,Rubber cracking; Tensioner bearing noise; Age/mileage wear,Safe to drive until noisy or cracked,Replace belt and tensioner together when cracked or due by mileage,80,400,サーペンタインベルトとテンショナー交換,ドライブベルトとテンショナーの予防交換で路上故障を防ぐ。,ゴムひび割れ; テンショナー異音; 経年/走行距離劣化,異音やひび割れまで走行可,ひびや交換時期でベルトとテンショナーをセット交換,10000,55000,serpentine belt tensioner replacement preventive maintenance ベルト テンショナー 交換
